;run;lambda;mu;c;Wq;Lq;Ws;Ls
0;0;0.6666666666666666;0.8333333333333334;1;5.057391119138225;3.386150616493147;6.256287364236177;4.188784991483834
1;1;0.6666666666666666;0.8333333333333334;1;4.854816479601168;3.2130322978784474;6.0632890817462055;4.012786662945603
2;2;0.6666666666666666;0.8333333333333334;1;5.45710735473702;3.6454045775312642;6.662163930187603;4.450359900130383
3;3;0.6666666666666666;0.8333333333333334;1;4.511703248961903;3.003712489673863;5.711075591289912;3.801388960779482
4;4;0.6666666666666666;0.8333333333333334;1;5.094469271821977;3.3834672457116306;6.300095086846817;4.1841252913688125
5;5;0.6666666666666666;0.8333333333333334;1;5.093985421967401;3.3749798843614904;6.29133674659011;4.168269638140846
6;6;0.6666666666666666;0.8333333333333334;1;4.596436842389041;3.0545233693896314;5.794089935168326;3.850352504602151
7;7;0.6666666666666666;0.8333333333333334;1;4.4921480027894445;2.9788790731445824;5.674286932979929;3.762694353417949
8;8;0.6666666666666666;0.8333333333333334;1;5.200725537209916;3.479884850915379;6.3981091808441715;4.280995413693642
9;9;0.6666666666666666;0.8333333333333334;1;4.661051750743272;3.108455412570664;5.857446217970544;3.906226960392347
10;10;0.6666666666666666;0.8333333333333334;1;4.613605789941021;3.0896341540622174;5.8112465430199025;3.8915743988194915
11;11;0.6666666666666666;0.8333333333333334;1;4.220155341540972;2.8103702481457815;5.411113598709867;3.6034769899248364
12;12;0.6666666666666666;0.8333333333333334;1;4.575797950358337;3.0507760094629206;5.771104760801537;3.8476949985129716
13;13;0.6666666666666666;0.8333333333333334;1;5.1800526748957205;3.466075809173754;6.380142766725848;4.268787296379134
14;14;0.6666666666666666;0.8333333333333334;1;4.490050994251969;2.9847687054036847;5.679616061048696;3.7754970139548383
15;15;0.6666666666666666;0.8333333333333334;1;5.033752132852573;3.3695936777314657;6.238328383508819;4.175936572569535
16;16;0.6666666666666666;0.8333333333333334;1;5.156864386420807;3.427045796639825;6.367844417486976;4.231787448688625
17;17;0.6666666666666666;0.8333333333333334;1;4.586236323972321;3.069076059911045;5.781926084857271;3.869199908385115
18;18;0.6666666666666666;0.8333333333333334;1;4.584850903107651;3.057178582192214;5.773053765534229;3.8494275329039986
19;19;0.6666666666666666;0.8333333333333334;1;4.657070738765612;3.1211688091206913;5.8492459570747215;3.9201182996597015
20;20;0.6666666666666666;0.8333333333333334;1;4.881513686984639;3.231260241880708;6.077611426773433;4.022768118815625
21;21;0.6666666666666666;0.8333333333333334;1;4.343169481786469;2.8641465464589424;5.5424958031525655;3.6550542823470216
22;22;0.6666666666666666;0.8333333333333334;1;5.263923456008281;3.518750954833412;6.464720453599374;4.321130928569316
23;23;0.6666666666666666;0.8333333333333334;1;4.718814277852952;3.140224475644239;5.927176052513212;3.9440176205235016
24;24;0.6666666666666666;0.8333333333333334;1;4.9723452622651605;3.3603109282388175;6.168034379017241;4.168334337136322
25;25;0.6666666666666666;0.8333333333333334;1;4.932237118978209;3.2691870382102897;6.140567757086165;4.070076728414753
26;26;0.6666666666666666;0.8333333333333334;1;4.761064316671509;3.1711803765863666;5.954067522648002;3.9657505472567576
27;27;0.6666666666666666;0.8333333333333334;1;4.420578571134368;2.9261131304748274;5.627314456132716;3.724735225315671
28;28;0.6666666666666666;0.8333333333333334;1;4.761959628698124;3.1768873692393846;5.956106287991523;3.9727398400799463
29;29;0.6666666666666666;0.8333333333333334;1;4.700995185749068;3.1360186119933915;5.901271755478195;3.9364995164545986
30;0;1.3333333333333333;0.8333333333333334;2;0.21359673561826628;0.14165735506203384;1.4024269562249807;0.9300895573684118
31;1;1.3333333333333333;0.8333333333333334;2;0.23809804161921588;0.1569732768787193;1.4412465959691216;0.9501456780641846
32;2;1.3333333333333333;0.8333333333333334;2;0.22283054685950193;0.14825807604749983;1.4235371711367364;0.9471356149044873
33;3;1.3333333333333333;0.8333333333333334;2;0.232845047155174;0.15576973232344404;1.439100508858792;0.9626741128790467
34;4;1.3333333333333333;0.8333333333333334;2;0.215769383856872;0.14207982388207374;1.4116512048730625;0.9294829618408165
35;5;1.3333333333333333;0.8333333333333334;2;0.23178984372482409;0.1537462033426761;1.4302849527378383;0.9486884050916993
36;6;1.3333333333333333;0.8333333333333334;2;0.2287994010902848;0.1525908965751319;1.430643904764681;0.9540432781977023
37;7;1.3333333333333333;0.8333333333333334;2;0.21885741954278598;0.14693649433263614;1.4151191084554484;0.9500582091265048
38;8;1.3333333333333333;0.8333333333333334;2;0.23794227634406453;0.15978299741056723;1.4400442338423487;0.9670185039098176
39;9;1.3333333333333333;0.8333333333333334;2;0.2389064114462189;0.1602775333110383;1.442018599673527;0.9674214381489714
40;10;1.3333333333333333;0.8333333333333334;2;0.2528800506103745;0.17039057810127112;1.4588728236482666;0.9829440262223261
41;11;1.3333333333333333;0.8333333333333334;2;0.21940828734418544;0.14659106494039964;1.4139547268767212;0.94469143212088
42;12;1.3333333333333333;0.8333333333333334;2;0.23668784522515046;0.15851458370418867;1.4372715629328676;0.9625492474561023
43;13;1.3333333333333333;0.8333333333333334;2;0.2126037244268054;0.1411518647214468;1.403858477153808;0.9320497201519582
44;14;1.3333333333333333;0.8333333333333334;2;0.2238866715709418;0.14940853140615162;1.4174034171858383;0.9458899964247919
45;15;1.3333333333333333;0.8333333333333334;2;0.22366300129303718;0.14905349732170486;1.4233279344963035;0.9485303243549705
46;16;1.3333333333333333;0.8333333333333334;2;0.23326303626582304;0.15548847471407418;1.4486690531303725;0.9656538174356415
47;17;1.3333333333333333;0.8333333333333334;2;0.21907295729409781;0.1461260439743097;1.4103312600983413;0.9406233578586997
48;18;1.3333333333333333;0.8333333333333334;2;0.22448854037836843;0.15028160847089372;1.4168698060207254;0.9485093229425128
49;19;1.3333333333333333;0.8333333333333334;2;0.22058497609231226;0.1480981591871194;1.4155828514479745;0.9502297827950882
50;20;1.3333333333333333;0.8333333333333334;2;0.229083270628596;0.1517630851260338;1.4260871986693913;0.9447542473745002
51;21;1.3333333333333333;0.8333333333333334;2;0.22788047001558487;0.15097536899472438;1.433704179184807;0.9498576927935148
52;22;1.3333333333333333;0.8333333333333334;2;0.24696252051013104;0.16568221575983735;1.4529447464923737;0.9747515715268072
53;23;1.3333333333333333;0.8333333333333334;2;0.24062154031312932;0.16063894031304554;1.4530109698932792;0.9700031281370884
54;24;1.3333333333333333;0.8333333333333334;2;0.22867552298913585;0.15411358196329963;1.4215123952871642;0.9580126844409639
55;25;1.3333333333333333;0.8333333333333334;2;0.22094675515168732;0.1455199518780049;1.421677248594315;0.9363450694691885
56;26;1.3333333333333333;0.8333333333333334;2;0.2160732731113438;0.1441770522162753;1.4114220797642398;0.941764297403599
57;27;1.3333333333333333;0.8333333333333334;2;0.22725054313649523;0.15006262365475379;1.4306499542844515;0.9447153908121916
58;28;1.3333333333333333;0.8333333333333334;2;0.23361717535583684;0.1553647662986457;1.4241252638369581;0.9470726834626375
59;29;1.3333333333333333;0.8333333333333334;2;0.2325182819222876;0.15508969404216663;1.432721911855418;0.9556255152075659
60;0;2.0;0.8333333333333334;3;0.026218306529887474;0.01742678398428549;1.2172149380453152;0.8090584250199628
61;1;2.0;0.8333333333333334;3;0.027922266744877185;0.018394072440855332;1.2294799030743027;0.8099321809492229
62;2;2.0;0.8333333333333334;3;0.025926939109457016;0.017188523552005633;1.2222306188319734;0.8102063660835043
63;3;2.0;0.8333333333333334;3;0.03095925961021769;0.0207470382351913;1.239163626325902;0.8304131125460407
64;4;2.0;0.8333333333333334;3;0.027445803418732203;0.018077452879781995;1.2239158252882747;0.8061443974843784
65;5;2.0;0.8333333333333334;3;0.026711693467482235;0.017686346478689323;1.2235980153674197;0.8101687179350808
66;6;2.0;0.8333333333333334;3;0.029809148776694504;0.019928608323171015;1.2344188391446804;0.8252563166164427
67;7;2.0;0.8333333333333334;3;0.02978864828535669;0.020019758966656864;1.2269442624003954;0.8245148875447246
68;8;2.0;0.8333333333333334;3;0.029984036140561277;0.02013667899127821;1.2322488441557813;0.8275536787581417
69;9;2.0;0.8333333333333334;3;0.02866206542433201;0.019218488108323127;1.2309036077178848;0.8253390557752517
70;10;2.0;0.8333333333333334;3;0.030607270878004432;0.020560740285008303;1.2325436249786803;0.8279735055156789
71;11;2.0;0.8333333333333334;3;0.027595558144260776;0.018438800040832266;1.2224144542737247;0.8167873607021253
72;12;2.0;0.8333333333333334;3;0.031111796225694766;0.020841792291592828;1.2319342570988152;0.8252727588304962
73;13;2.0;0.8333333333333334;3;0.029793046318817715;0.01988685841781068;1.2267133466746094;0.8188311589053037
74;14;2.0;0.8333333333333334;3;0.028939150038698753;0.01927115879377032;1.220369251354879;0.812668291862235
75;15;2.0;0.8333333333333334;3;0.028633652332745094;0.019058558992675043;1.2269392762517077;0.8166458030699723
76;16;2.0;0.8333333333333334;3;0.029718854273594345;0.01977373687947865;1.2425354745481252;0.8267249339369276
77;17;2.0;0.8333333333333334;3;0.02563269721431596;0.01711238866027743;1.2182433269112625;0.813190135822042
78;18;2.0;0.8333333333333334;3;0.028171407201138584;0.01883540285468132;1.2193247942803165;0.8152202286951161
79;19;2.0;0.8333333333333334;3;0.028383396449333395;0.019040150006141923;1.2218568700835277;0.8196460255894222
80;20;2.0;0.8333333333333334;3;0.028228515293156845;0.0186748565773409;1.223764914067407;0.8095939165504362
81;21;2.0;0.8333333333333334;3;0.03125722196915243;0.020679152910351942;1.2352227416796393;0.8171715945624036
82;22;2.0;0.8333333333333334;3;0.02762994369833206;0.018503220695899086;1.231024412374788;0.8243749563516023
83;23;2.0;0.8333333333333334;3;0.03001290286521596;0.02007563072654259;1.2448738125166998;0.8326720063182215
84;24;2.0;0.8333333333333334;3;0.02724136104515028;0.018379201469942118;1.2210136990884863;0.8237743299044934
85;25;2.0;0.8333333333333334;3;0.026573603144915737;0.017462046098587227;1.2251905834326662;0.8050972361852728
86;26;2.0;0.8333333333333334;3;0.030170854969624655;0.020136028606727217;1.2258191893035284;0.8181053220642979
87;27;2.0;0.8333333333333334;3;0.02596808887661099;0.017135822487897922;1.228709867777396;0.8107698640873318
88;28;2.0;0.8333333333333334;3;0.02902507842730252;0.01929935514788174;1.2192028217780746;0.8106723402566729
89;29;2.0;0.8333333333333334;3;0.027237697022959934;0.018181707516766208;1.2282665472039842;0.8198697215013006
90;0;2.6666666666666665;0.8333333333333334;4;0.0034913157304207556;0.002324308534370281;1.1962302117809849;0.7963478694963608
91;1;2.6666666666666665;0.8333333333333334;4;0.004298158231494193;0.002829821416451163;1.2052256197481273;0.7933928300982689
92;2;2.6666666666666665;0.8333333333333334;4;0.0028086565238097457;0.0018601732157191842;1.197660399966307;0.7932104828976859
93;3;2.6666666666666665;0.8333333333333334;4;0.003372344205574883;0.002257919339400618;1.2103948289174622;0.8102940969066267
94;4;2.6666666666666665;0.8333333333333334;4;0.0032090261615063845;0.002112822824735796;1.1990066856002743;0.7893776704986722
95;5;2.6666666666666665;0.8333333333333334;4;0.0033689627982703804;0.002229916476175159;1.199971851870089;0.7942613687528176
96;6;2.6666666666666665;0.8333333333333334;4;0.0038614349756988476;0.002581523738653689;1.2084937031278986;0.8079263802891288
97;7;2.6666666666666665;0.8333333333333334;4;0.003467359410423154;0.002330620301310031;1.2007463908758336;0.8070865985685403
98;8;2.6666666666666665;0.8333333333333334;4;0.003580192588340096;0.002404815361588036;1.206139512486807;0.8100799201300453
99;9;2.6666666666666665;0.8333333333333334;4;0.0037132757924674916;0.00248737492234226;1.2048879585923713;0.8070600159729886
100;10;2.6666666666666665;0.8333333333333334;4;0.004674866117617795;0.0031406685551379873;1.2069361420055413;0.8108336556866061
101;11;2.6666666666666665;0.8333333333333334;4;0.003150648050744672;0.002104947962702506;1.1976669998564087;0.8001605659755936
102;12;2.6666666666666665;0.8333333333333334;4;0.004300317600948411;0.0028825028879157486;1.2058508597836943;0.8082818313130112
103;13;2.6666666666666665;0.8333333333333334;4;0.0043482627745122;0.002898638930745343;1.2001294676886132;0.8000242932458771
104;14;2.6666666666666665;0.8333333333333334;4;0.004659726494277233;0.0031077579880932527;1.1970605428956065;0.7983675584787906
105;15;2.6666666666666665;0.8333333333333334;4;0.0035178774573945103;0.0023403735148554085;1.2013220710995314;0.7991517188582101
106;16;2.6666666666666665;0.8333333333333334;4;0.00406633546759932;0.0027074474810369624;1.2178417140054938;0.8108318390196976
107;17;2.6666666666666665;0.8333333333333334;4;0.003115037296143238;0.0020776052750356914;1.19401779505735;0.7963621085914513
108;18;2.6666666666666665;0.8333333333333334;4;0.0031429550705987567;0.002100814028289648;1.1938836635247452;0.7979718747214813
109;19;2.6666666666666665;0.8333333333333334;4;0.0033658129497605056;0.0022559024714474654;1.1956207726310284;0.801352866648211
110;20;2.6666666666666665;0.8333333333333334;4;0.0031334483829486637;0.0020730267811911902;1.1987083157699587;0.7930414475470915
111;21;2.6666666666666665;0.8333333333333334;4;0.003802949229230656;0.002515955151074402;1.2077469781826369;0.7989751232784112
112;22;2.6666666666666665;0.8333333333333334;4;0.0033809252981034225;0.002264205672139826;1.2068512956403854;0.8082283126903673
113;23;2.6666666666666665;0.8333333333333334;4;0.003686984188322399;0.002465855025150012;1.2184998665649112;0.8149137572190956
114;24;2.6666666666666665;0.8333333333333334;4;0.00299900836164662;0.002023370961435732;1.1967930328805194;0.8074523234238237
115;25;2.6666666666666665;0.8333333333333334;4;0.003108801269928148;0.0020450938274095393;1.2029606347921071;0.7913452467006298
116;26;2.6666666666666665;0.8333333333333334;4;0.0030831526821619324;0.0020565861651092947;1.197901532066742;0.7990482379497983
117;27;2.6666666666666665;0.8333333333333334;4;0.003370324152399062;0.0022229309979563175;1.2057387813201348;0.795257070607505
118;28;2.6666666666666665;0.8333333333333334;4;0.0035972232184626296;0.0023935923295650354;1.1948025617241675;0.7950216245712559
119;29;2.6666666666666665;0.8333333333333334;4;0.0030174740615723224;0.0020110257630754696;1.2022868354827683;0.801276084375848
120;0;3.333333333333333;0.8333333333333334;5;0.00039643497663873704;0.00026387504915027364;1.1927166982931896;0.7938960887179157
121;1;3.333333333333333;0.8333333333333334;5;0.0004346120538547306;0.0002860268848828776;1.2006260839470586;0.7901554239818454
122;2;3.333333333333333;0.8333333333333334;5;0.0002248932741275246;0.00014894231758917748;1.1950345040666999;0.7914307296641224
123;3;3.333333333333333;0.8333333333333334;5;0.0002973727412290014;0.00019913862989141219;1.207613165772123;0.8086902325909604
124;4;3.333333333333333;0.8333333333333334;5;0.0003999901935049643;0.0002634015422268878;1.1965020142825724;0.7878763831647335
125;5;3.333333333333333;0.8333333333333334;5;0.0003165744154013512;0.0002095279425775377;1.1967120822938881;0.7920558587870378
126;6;3.333333333333333;0.8333333333333334;5;0.0004515043339657979;0.00030176743664938525;1.2049642966891962;0.805286720224864
127;7;3.333333333333333;0.8333333333333334;5;0.00038430633821338764;0.000258438326321738;1.1985174376290453;0.8059554134751723
128;8;3.333333333333333;0.8333333333333334;5;0.0005474110755792004;0.0003677945534601514;1.2034375540700095;0.8085656238285595
129;9;3.333333333333333;0.8333333333333334;5;0.00039539426865613404;0.0002647560022921464;1.2015739131849446;0.8045353257140756
130;10;3.333333333333333;0.8333333333333334;5;0.0005634051505838254;0.00037869840601642763;1.2032520172922916;0.8087751304133531
131;11;3.333333333333333;0.8333333333333334;5;0.0004840133121682325;0.0003234660965220322;1.1955805638427304;0.7989883974559061
132;12;3.333333333333333;0.8333333333333334;5;0.0005848599231365945;0.0003916923877230351;1.2011514944776867;0.8044006140486208
133;13;3.333333333333333;0.8333333333333334;5;0.0004057480398440616;0.0002706014827328021;1.1965566107851016;0.7980075348648014
134;14;3.333333333333333;0.8333333333333334;5;0.0005981518508364;0.0003986921346564939;1.1924780679987683;0.7948128713891497
135;15;3.333333333333333;0.8333333333333334;5;0.000417616558361761;0.00027803239989493016;1.1990068680383292;0.7981697448548278
136;16;3.333333333333333;0.8333333333333334;5;0.0004384597725148789;0.00029192651654040666;1.21422137618094;0.8083995292805692
137;17;3.333333333333333;0.8333333333333334;5;0.00043716050654649233;0.000291656003547557;1.1921446281961967;0.7952358191842842
138;18;3.333333333333333;0.8333333333333334;5;0.000351227041163206;0.0002348725469666588;1.1915675819770724;0.7968250734197074
139;19;3.333333333333333;0.8333333333333334;5;0.00022893505896203728;0.00015341396171164012;1.1921639626504348;0.7988929146513
140;20;3.333333333333333;0.8333333333333334;5;0.0003949414827702532;0.0002613959697863188;1.1964854518698391;0.791905861174574
141;21;3.333333333333333;0.8333333333333334;5;0.0005974506312550911;0.0003953569807267444;1.2049789005513385;0.7973347695637933
142;22;3.333333333333333;0.8333333333333334;5;0.00043777638709240833;0.0002931788464357848;1.2039243318579747;0.8062681250452869
143;23;3.333333333333333;0.8333333333333334;5;0.0003966513332093248;0.00026532800981038574;1.215308941435839;0.8129426736766427
144;24;3.333333333333333;0.8333333333333334;5;0.00016566202415599753;0.00011176885445756788;1.193966690671728;0.8055454468623964
145;25;3.333333333333333;0.8333333333333334;5;0.00043815821040355576;0.0002883168656097472;1.2004270941587714;0.7899050364983532
146;26;3.333333333333333;0.8333333333333334;5;0.0003498595810483053;0.00023337733213408168;1.1952242026270798;0.7972862566044187
147;27;3.333333333333333;0.8333333333333334;5;0.00041587819825239015;0.0002745461513583004;1.2035337563720236;0.7944562639686743
148;28;3.333333333333333;0.8333333333333334;5;0.0003206436529642475;0.00021329857082487782;1.1911919753656548;0.7924047258527352
149;29;3.333333333333333;0.8333333333333334;5;0.000225349158132413;0.0001502222557942309;1.199646885474181;0.7996477160214162
150;0;4.0;0.8333333333333334;6;0.00011205054758735186;7.458980851794875e-05;1.1927289653292263;0.7939758176403624
151;1;4.0;0.8333333333333334;6;5.0291361739581333e-05;3.3101774296992504e-05;1.2006161380325695;0.7902455420530317
152;2;4.0;0.8333333333333334;6;2.170022520869423e-05;1.4372059155718405e-05;1.194909534339294;0.7913885845929151
153;3;4.0;0.8333333333333334;6;1.6712198852645723e-05;1.1190822595708624e-05;1.2071589738382056;0.808299506722889
154;4;4.0;0.8333333333333334;6;2.182296579555174e-05;1.4368677139107151e-05;1.1958414717802426;0.787359094871362
155;5;4.0;0.8333333333333334;6;6.56048901966427e-05;4.342650101676551e-05;1.1967749912535404;0.792102677259347
156;6;4.0;0.8333333333333334;6;0.00010748976847911181;7.184401145606923e-05;1.204721217981036;0.8052115676741683
157;7;4.0;0.8333333333333334;6;7.815797767377243e-06;5.255967682605836e-06;1.1981405983606956;0.8057014103226409
158;8;4.0;0.8333333333333334;6;0.00011340957871237191;7.619989593684292e-05;1.2030150834800628;0.8082929844131191
159;9;4.0;0.8333333333333334;6;3.553160054181866e-05;2.3791249090791064e-05;1.201181645491416;0.804287206188139
160;10;4.0;0.8333333333333334;6;0.00014555774332830395;9.78206258263527e-05;1.2026341212058194;0.8082005682624545
161;11;4.0;0.8333333333333334;6;4.5833772596353795e-06;3.0631626901595007e-06;1.1951226783594497;0.7987243884011885
162;12;4.0;0.8333333333333334;6;0.00011555124271345031;7.742395466771945e-05;1.2010356764102132;0.8046945777957668
163;13;4.0;0.8333333333333334;6;2.2049388703493172e-05;1.4706060289681709e-05;1.1962008692547104;0.7978044326344277
164;14;4.0;0.8333333333333334;6;4.7113484417404906e-05;3.140113736420081e-05;1.19194014716752;0.7944147858874208
165;15;4.0;0.8333333333333334;6;4.9313850517804995e-05;3.283118912073381e-05;1.1986561674743903;0.7979509109515379
166;16;4.0;0.8333333333333334;6;0.0001684745489525552;0.00011220404960240173;1.2142247662186334;0.8086729204378346
167;17;4.0;0.8333333333333334;6;0.00018320258517310416;0.000122251085086013;1.1922135069811959;0.7955640732085532
168;18;4.0;0.8333333333333334;6;1.7722901391752747e-05;1.1849886328553753e-05;1.1911931157868274;0.7964352405559915
169;19;4.0;0.8333333333333334;6;3.434759605297924e-05;2.3017011067022363e-05;1.1919779136107966;0.7987682394688577
170;20;4.0;0.8333333333333334;6;5.151986951242504e-05;3.4104092822444905e-05;1.1961777490565266;0.7918026042670651
171;21;4.0;0.8333333333333334;6;1.7728416486900903e-05;1.1729829484393123e-05;1.204321943950381;0.7968275709953256
172;22;4.0;0.8333333333333334;6;3.321189099077563e-05;2.2242003396522628e-05;1.2034937677792727;0.8059797762817801
173;23;4.0;0.8333333333333334;6;5.140576537528625e-05;3.438737269014349e-05;1.2149732837243463;0.8127442284145591
174;24;4.0;0.8333333333333334;6;3.867293322971858e-05;2.609417496742041e-05;1.1940228546605565;0.8055947614709745
175;25;4.0;0.8333333333333334;6;7.150780621067628e-05;4.704641586212807e-05;1.19999645002101;0.7895016643978214
176;26;4.0;0.8333333333333334;6;3.786858899191277e-05;2.525834885760562e-05;1.1948018457051304;0.796915917751735
177;27;4.0;0.8333333333333334;6;8.511167395161223e-05;5.6172002574585046e-05;1.203051978371498;0.7939902446856185
178;28;4.0;0.8333333333333334;6;7.538515199795147e-05;5.0161280139436737e-05;1.191252483474873;0.7926594025041748
179;29;4.0;0.8333333333333334;6;3.5906256032044198e-06;2.3936546521201883e-06;1.1994205077059255;0.7995512641515453
180;0;4.666666666666666;0.8333333333333334;7;0.0;0.0;1.192616914781639;0.7939012278318442
181;1;4.666666666666666;0.8333333333333334;7;0.0;0.0;1.20056584667083;0.7902124402787346
182;2;4.666666666666666;0.8333333333333334;7;2.4485148217901417e-07;1.6216513664716008e-07;1.1948379537953528;0.7913411767986631
183;3;4.666666666666666;0.8333333333333334;7;0.0;0.0;1.207142261639353;0.8082883159002933
184;4;4.666666666666666;0.8333333333333334;7;0.0;0.0;1.195819648814447;0.7873447261942226
185;5;4.666666666666666;0.8333333333333334;7;2.6155337317426517e-06;1.7311694663658278e-06;1.1964903395341746;0.7919330259308843
186;6;4.666666666666666;0.8333333333333334;7;1.879410531142502e-05;1.2561604108050185e-05;1.2046284825330615;0.805149585155451
187;7;4.666666666666666;0.8333333333333334;7;0.0;0.0;1.1981327825629282;0.805696154354958
188;8;4.666666666666666;0.8333333333333334;7;1.8416552061583033e-06;1.2371871343930192e-06;1.2027816936877695;0.8079704878932149
189;9;4.666666666666666;0.8333333333333334;7;0.0;0.0;1.2011361489892929;0.8042567426402477
190;10;4.666666666666666;0.8333333333333334;7;1.4889107031805857e-05;1.0006075489654897e-05;1.202498935222548;0.8081059230769309
191;11;4.666666666666666;0.8333333333333334;7;0.0;0.0;1.19511809498219;0.7987213252384984
192;12;4.666666666666666;0.8333333333333334;7;1.1477171586925177e-05;7.688786789513037e-06;1.2008575803863584;0.8044785102524307
193;13;4.666666666666666;0.8333333333333334;7;3.551248070064014e-07;2.368398362887084e-07;1.1961586571529859;0.7977421316284704
194;14;4.666666666666666;0.8333333333333334;7;0.0;0.0;1.1918930336831026;0.7943833847500563
195;15;4.666666666666666;0.8333333333333334;7;3.4481416881838744e-06;2.2956348103252805e-06;1.1985822539923257;0.7978713907339218
196;16;4.666666666666666;0.8333333333333334;7;5.22201581936377e-06;3.4776536550634532e-06;1.2139340886751908;0.8083993548489099
197;17;4.666666666666666;0.8333333333333334;7;2.324431913529431e-05;1.551046927259897e-05;1.1920367484113887;0.7953691455285298
198;18;4.666666666666666;0.8333333333333334;7;0.0;0.0;1.1911753928854356;0.7964233906696627
199;19;4.666666666666666;0.8333333333333334;7;5.689201334159884e-07;3.812561382073908e-07;1.1919532959031272;0.7987755817165121
200;20;4.666666666666666;0.8333333333333334;7;0.0;0.0;1.1961262291870143;0.7917685001742425
201;21;4.666666666666666;0.8333333333333334;7;0.0;0.0;1.204304215533894;0.7968158411658414
202;22;4.666666666666666;0.8333333333333334;7;0.0;0.0;1.203460555888282;0.8059575342783837
203;23;4.666666666666666;0.8333333333333334;7;0.0;0.0;1.214921877958971;0.8127098410418689
204;24;4.666666666666666;0.8333333333333334;7;8.012930837764123e-06;5.406644953472965e-06;1.1940274840650698;0.8056337244326824
205;25;4.666666666666666;0.8333333333333334;7;1.617836842554849e-06;1.0644072154536907e-06;1.199912955796166;0.7894451079204986
206;26;4.666666666666666;0.8333333333333334;7;0.0;0.0;1.1947639771161385;0.7968906594028774
207;27;4.666666666666666;0.8333333333333334;7;9.753199599809894e-06;6.436916671882527e-06;1.2029362264126433;0.7939080896170017
208;28;4.666666666666666;0.8333333333333334;7;3.08272883104156e-06;2.0512477641750648e-06;1.1911772730796382;0.7926093575071856
209;29;4.666666666666666;0.8333333333333334;7;0.0;0.0;1.1994169170803222;0.7995488704968932
210;0;5.333333333333333;0.8333333333333334;8;0.0;0.0;1.192616914781639;0.7939012278318445
211;1;5.333333333333333;0.8333333333333334;8;0.0;0.0;1.20056584667083;0.7902124402787347
212;2;5.333333333333333;0.8333333333333334;8;0.0;0.0;1.1948377089438706;0.7913410146335262
213;3;5.333333333333333;0.8333333333333334;8;0.0;0.0;1.207142261639353;0.8082883159002933
214;4;5.333333333333333;0.8333333333333334;8;0.0;0.0;1.195819648814447;0.7873447261942229
215;5;5.333333333333333;0.8333333333333334;8;0.0;0.0;1.1964877240004428;0.7919312947614181
216;6;5.333333333333333;0.8333333333333334;8;0.0;0.0;1.2046096884277502;0.805137023551343
217;7;5.333333333333333;0.8333333333333334;8;0.0;0.0;1.1981327825629282;0.8056961543549582
218;8;5.333333333333333;0.8333333333333334;8;0.0;0.0;1.2027798520325634;0.8079692507060808
219;9;5.333333333333333;0.8333333333333334;8;0.0;0.0;1.2011361489892929;0.8042567426402477
220;10;5.333333333333333;0.8333333333333334;8;0.0;0.0;1.2024840461155162;0.8080959170014412
221;11;5.333333333333333;0.8333333333333334;8;0.0;0.0;1.19511809498219;0.7987213252384984
222;12;5.333333333333333;0.8333333333333334;8;0.0;0.0;1.2008461032147715;0.8044708214656412
223;13;5.333333333333333;0.8333333333333334;8;0.0;0.0;1.1961583020281787;0.7977418947886342
224;14;5.333333333333333;0.8333333333333334;8;0.0;0.0;1.1918930336831026;0.7943833847500565
225;15;5.333333333333333;0.8333333333333334;8;0.0;0.0;1.1985788058506375;0.7978690950991117
226;16;5.333333333333333;0.8333333333333334;8;0.0;0.0;1.2139288666593715;0.8083958771952552
227;17;5.333333333333333;0.8333333333333334;8;0.0;0.0;1.1920135040922535;0.7953536350592578
228;18;5.333333333333333;0.8333333333333334;8;0.0;0.0;1.1911753928854356;0.796423390669663
229;19;5.333333333333333;0.8333333333333334;8;0.0;0.0;1.1919527269829937;0.7987752004603739
230;20;5.333333333333333;0.8333333333333334;8;0.0;0.0;1.1961262291870143;0.7917685001742426
231;21;5.333333333333333;0.8333333333333334;8;0.0;0.0;1.204304215533894;0.7968158411658413
232;22;5.333333333333333;0.8333333333333334;8;0.0;0.0;1.203460555888282;0.8059575342783836
233;23;5.333333333333333;0.8333333333333334;8;0.0;0.0;1.214921877958971;0.8127098410418689
234;24;5.333333333333333;0.8333333333333334;8;0.0;0.0;1.194019471134232;0.805628317787729
235;25;5.333333333333333;0.8333333333333334;8;0.0;0.0;1.1999113379593236;0.7894440435132832
236;26;5.333333333333333;0.8333333333333334;8;0.0;0.0;1.1947639771161385;0.7968906594028774
237;27;5.333333333333333;0.8333333333333334;8;0.0;0.0;1.2029264732130436;0.7939016527003298
238;28;5.333333333333333;0.8333333333333334;8;0.0;0.0;1.191174190350807;0.7926073062594213
239;29;5.333333333333333;0.8333333333333334;8;0.0;0.0;1.1994169170803222;0.7995488704968932
240;0;6.0;0.8333333333333334;9;0.0;0.0;1.192616914781639;0.7939012278318445
241;1;6.0;0.8333333333333334;9;0.0;0.0;1.20056584667083;0.7902124402787347
242;2;6.0;0.8333333333333334;9;0.0;0.0;1.1948377089438706;0.7913410146335262
243;3;6.0;0.8333333333333334;9;0.0;0.0;1.207142261639353;0.8082883159002933
244;4;6.0;0.8333333333333334;9;0.0;0.0;1.195819648814447;0.7873447261942229
245;5;6.0;0.8333333333333334;9;0.0;0.0;1.1964877240004428;0.7919312947614181
246;6;6.0;0.8333333333333334;9;0.0;0.0;1.2046096884277502;0.805137023551343
247;7;6.0;0.8333333333333334;9;0.0;0.0;1.1981327825629282;0.8056961543549582
248;8;6.0;0.8333333333333334;9;0.0;0.0;1.2027798520325634;0.8079692507060808
249;9;6.0;0.8333333333333334;9;0.0;0.0;1.2011361489892929;0.8042567426402477
250;10;6.0;0.8333333333333334;9;0.0;0.0;1.2024840461155162;0.8080959170014412
251;11;6.0;0.8333333333333334;9;0.0;0.0;1.19511809498219;0.7987213252384984
252;12;6.0;0.8333333333333334;9;0.0;0.0;1.2008461032147715;0.8044708214656412
253;13;6.0;0.8333333333333334;9;0.0;0.0;1.1961583020281787;0.7977418947886342
254;14;6.0;0.8333333333333334;9;0.0;0.0;1.1918930336831026;0.7943833847500565
255;15;6.0;0.8333333333333334;9;0.0;0.0;1.1985788058506375;0.7978690950991117
256;16;6.0;0.8333333333333334;9;0.0;0.0;1.2139288666593715;0.8083958771952552
257;17;6.0;0.8333333333333334;9;0.0;0.0;1.1920135040922535;0.7953536350592578
258;18;6.0;0.8333333333333334;9;0.0;0.0;1.1911753928854356;0.796423390669663
259;19;6.0;0.8333333333333334;9;0.0;0.0;1.1919527269829937;0.7987752004603739
260;20;6.0;0.8333333333333334;9;0.0;0.0;1.1961262291870143;0.7917685001742426
261;21;6.0;0.8333333333333334;9;0.0;0.0;1.204304215533894;0.7968158411658413
262;22;6.0;0.8333333333333334;9;0.0;0.0;1.203460555888282;0.8059575342783836
263;23;6.0;0.8333333333333334;9;0.0;0.0;1.214921877958971;0.8127098410418689
264;24;6.0;0.8333333333333334;9;0.0;0.0;1.194019471134232;0.805628317787729
265;25;6.0;0.8333333333333334;9;0.0;0.0;1.1999113379593236;0.7894440435132832
266;26;6.0;0.8333333333333334;9;0.0;0.0;1.1947639771161385;0.7968906594028774
267;27;6.0;0.8333333333333334;9;0.0;0.0;1.2029264732130436;0.7939016527003298
268;28;6.0;0.8333333333333334;9;0.0;0.0;1.191174190350807;0.7926073062594213
269;29;6.0;0.8333333333333334;9;0.0;0.0;1.1994169170803222;0.7995488704968932
